<?xml version="1.0" encoding="UTF-8"?>
<beans xmlns="http://www.springframework.org/schema/beans"
       xmlns:xsi="http://www.w3.org/2001/XMLSchema-instance" xmlns:util="http://www.springframework.org/schema/util"
       xmlns:c="http://www.springframework.org/schema/c" xmlns:p="http://www.springframework.org/schema/p"
       xmlns:context="http://www.springframework.org/schema/context"
       xsi:schemaLocation="http://www.springframework.org/schema/beans http://www.springframework.org/schema/beans/spring-beans.xsd http://www.springframework.org/schema/util http://www.springframework.org/schema/util/spring-util.xsd http://www.springframework.org/schema/context http://www.springframework.org/schema/context/spring-context.xsd">

    <context:property-placeholder location="classpath:conf.properties"></context:property-placeholder>

    <bean id="car" class="com.duyi.Car">
        <constructor-arg type="java.lang.String" value="两轮"></constructor-arg>
        <property name="price" value="100"></property>
    </bean>

    <bean id="car2" class="com.duyi.Car">
        <constructor-arg type="java.lang.String" value="三轮"></constructor-arg>
        <property name="price" value="300"></property>
    </bean>

    <util:list id="cars">
        <ref bean="car"></ref>
        <ref bean="car2"></ref>
    </util:list>

    <bean id="panda" class="com.duyi.Panda">
        <constructor-arg type="int">
            <value>18</value>
        </constructor-arg>
        <constructor-arg type="java.lang.String">
            <value><![CDATA[<abc>]]></value>
        </constructor-arg>
        <property name="age" value="19"></property>
        <property name="cars" ref="cars"></property>
    </bean>

    <bean id="panda2" class="com.duyi.Panda">
        <constructor-arg type="int">
            <value>16</value>
        </constructor-arg>
        <constructor-arg type="java.lang.String">
            <value><![CDATA[<abc>]]></value>
        </constructor-arg>
        <property name="age" value="19"></property>
        <property name="cars" ref="cars"></property>
    </bean>

    <bean id="panda3" class="com.duyi.Panda" c:age="21" c:str="abcd" p:age="28" p:cars-ref="cars">
    </bean>
    <!--<bean id="panda2" class="com.duyi.Panda">-->
        <!--<constructor-arg type="int" value="20"></constructor-arg>-->
        <!--<property name="age" value="20"></property>-->
    <!--</bean>-->

    <!--<bean id="test" class="com.duyi.Test" scope="prototype"></bean>-->
    <!--<bean id="test2" class="com.duyi.Test"></bean>-->

    <bean id="test" class="com.duyi.Test">
        <property name="userName" value="${username}"></property>
        <property name="password" value="${password}"></property>
        <property name="url"  value="${url}"></property>
        <property name="driver"  value="${driver}"></property>
    </bean>
</beans>