<?xml version="1.0" encoding="UTF-8"?>
<beans xmlns="http://www.springframework.org/schema/beans"
       xmlns:xsi="http://www.w3.org/2001/XMLSchema-instance"
       xsi:schemaLocation="http://www.springframework.org/schema/beans http://www.springframework.org/schema/beans/spring-beans.xsd">

    <bean id="car" class="com.duyi.Car">
        <constructor-arg type="java.lang.String" value='#{"两轮"}'></constructor-arg>
        <property name="price" value="#{100 ^ 2}"></property>
        <property name="nowPrice" value="#{99.8}"></property>
        <property name="inSale" value="#{not (1 > 2) }"></property>
        <property name="logo" value="#{benchi}"></property>
        <property name="logoName" value="#{benchi.name.toString().toUpperCase()}"></property>
        <property name="length" value="#{2 * 10 * T(java.lang.Math).PI}"></property>
    </bean>

    <bean id="benchi" class="com.duyi.Logo">
        <property name="name" value="benchi"></property>
    </bean>
</beans>