<?xml version="1.0" encoding="UTF-8"?>
<beans xmlns="http://www.springframework.org/schema/beans"
       xmlns:xsi="http://www.w3.org/2001/XMLSchema-instance" xmlns:p="http://www.springframework.org/schema/p"
       xsi:schemaLocation="http://www.springframework.org/schema/beans http://www.springframework.org/schema/beans/spring-beans.xsd">


    <bean id="userService" class="com.duyi.service.UserService"></bean>
    <bean id="userService2" class="com.duyi.service.UserService"></bean>
    <bean id="typeService" class="com.duyi.service.TypeService"></bean>
    <bean id="classService" class="com.duyi.service.ClassService"></bean>

    <bean id="serviceTemplate"
          p:userService-ref="userService"
          p:classService-ref="classService"
          p:typeService-ref="typeService" abstract="true"></bean>

    <!--autowire byName就是用属性名作为id去寻找bean-->
    <!--autowire byType就是用变量的类型去查找是否有相同类型的bean，如果有则注入-->
    <bean id="aController" class="com.duyi.controller.AController" parent="serviceTemplate"></bean>
    <bean id="bController" class="com.duyi.controller.BController" parent="serviceTemplate"></bean>
    <bean id="cController" class="com.duyi.controller.CController" p:userService-ref="userService2" parent="serviceTemplate"></bean>
</beans>